Brookline Spa, 75 Harvard St, Brookline, MA, Brookline Village, 02446
Cutty's, 284 Washington St, Brookline, MA, Brookline Village, 02445
Orinoco, 22 Harvard St, Brookline, MA, Brookline Village, 02445
New England Soup Factory, 2-4 Brookline Pl, Brookline, MA, Brookline Village, 02445
HC Studio, 30 Station St, Brookline, MA, Brookline Village, 02445
Pomodoro, 24 Harvard St, Brookline, MA, Brookline Village, 02445
Matt Murphy's Pub, 14 Harvard St, Brookline, MA, Brookline Village, 02445
Wine Gallery, 3 Cypress St, Brookline, MA, Brookline Village, 02445
Kookoo Cafe, 7 Station St, Brookline, MA, Brookline Village, 02445
Serenade Choclatier, 5 Harvard Sq, Brookline, MA, Brookline Village, 02445
Yokohama, 238 Washington St, Brookline, MA, Brookline Village, 02445
Olea Cafe, 195 Washington St, Brookline, MA, Brookline Village, 02445
The Public Library of Brookline, 361 Washington St, Brookline, MA, Brookline Village, 02445
Virginia's Fine Foods, 8 Cypress St, Brookline, MA, Brookline Village, 02445
Zen 320, 320 Washington St, Brookline, MA, Brookline Village, 02445
CrossFit Fenway, 100 Brookline Ave, Brookline, MA, Brookline Village, 02215
New Paris Bakery and Candy Shop, 10 Cypress Street, Brookline, MA, Brookline Village, 02245
Brookline Ice & Coal, 610 Brookline Ave, Brookline, MA, Brookline Village, 02445
Puppet Showplace Theatre, 32 Station St, Brookline, MA, Brookline Village, 02445
Brookline Fine Wine and Gourmet, 27 Harvard St, Brookline, MA, Brookline Village, 02445
The Children's Book Shop, 237 Washington St, Brookline, MA, Brookline Village, 02445
Brookline Avenue Playground, 575 Brookline Ave, Brookline, MA, Brookline Village, 02445
Henry Bear's Park, 19 Harvard St, Brookline, MA, Brookline Village, 02445
Boston School of Guitar, 33A Harvard St, Brookline, MA, Brookline Village, 02445
Coolidge Corner Theatre, 290 Harvard St, Brookline, MA, Coolidge Corner, 02215
Brookline Booksmith, 279 Harvard St, Brookline, MA, Coolidge Corner, 02445
Eureka Puzzles, 1349 Beacon St, Brookline, MA, Coolidge Corner, 02446
Trader Joe's, 1317 Beacon St, Brookline, MA, Coolidge Corner, 02446
FuGaKyu, 1280 Beacon St, Brookline, MA, Coolidge Corner, 02446
Lineage, 242 Harvard St, Brookline, MA, Coolidge Corner, 02446
Zaftigs Delicatessen, 335 Harvard St, Brookline, MA, Coolidge Corner, 02446
Healthworks Fitness Center, 325 Harvard St, Brookline, MA, Coolidge Corner, 02446
Party Favors, 1356 Beacon St, Brookline, MA, Coolidge Corner, 02446
Michael's Deli, 256 Harvard St, Brookline, MA, Coolidge Corner, 02446
The Regal Beagle, 308 Harvard St, Brookline, MA, Coolidge Corner, 02446
Berry Freeze, 273 Harvard St, Brookline, MA, Coolidge Corner, 02446
When Pigs Fly, 1378A Beacon St, Brookline, MA, Coolidge Corner, 02446
Paris Creperie, 278 Harvard St, Brookline, MA, Coolidge Corner, 02446
Good Vibrations, 308 Harvard St, Brookline, MA, Coolidge Corner, 02446
Bottega Fiorentina, 313B Harvard St, Brookline, MA, Coolidge Corner, 02446
Rami's, 324 Harvard St, Brookline, MA, Coolidge Corner, 02446
Anna's Taqueria, 1412 Beacon St, Brookline, MA, Coolidge Corner, 02446
Shawarma King, 1383 Beacon St, Brookline, MA, Coolidge Corner, 02446
The Meat House, 1285 Beacon St, Brookline, MA, Coolidge Corner, 02446
Paper Source, 1361 Beacon St, Brookline, MA, Coolidge Corner, 02445
OTTO, 289 Harvard St, Brookline, MA, Coolidge Corner, 02446
Zenna Noodle Bar, 1374 Beacon St, Brookline, MA, Coolidge Corner, 02446
Shiki, 9 Babcock St, Brookline, MA, Coolidge Corner, 02445
Coolidge Corner Wine and Spirits, 1300 Beacon St, Brookline, MA, Coolidge Corner, 02446
Magic Beans, 312 Harvard St, Brookline, MA, Coolidge Corner, 02446
The Pear Tree, 1298 Beacon St, Brookline, MA, Coolidge Corner, 02446
The Clayroom, 1408 Beacon St, Brookline, MA, Coolidge Corner, 02446
Hops N Scotch, 1306 Beacon St, Brookline, MA, Coolidge Corner, 02446
Irving's Toy and Card Shop, 371 Harvard St, Brookline, MA, Coolidge Corner, 02446
The Publick House, 1648 Beacon St, Brookline, MA, Washington Square, 02445
Marathon Sports, 1638 Beacon St, Brookline, MA, Washington Square, 02445
Super Fusion Cuisine, 609A Washington St, Brookline, MA, Washington Square, 02446
Barcelona Wine Bar, 1700 Beacon St, Brookline, MA, Washington Square, 02446
Washington Square Tavern, 713 Washington St, Brookline, MA, Washington Square, 02445
Athan's Bakery, 1621 Beacon St, Brookline, MA, Washington Square, 02446
Umami, 1703 Beacon St, Brookline, MA, Washington Square, 02445
Ariana, 129 Brighton Ave St, Boston, MA, Allston/Brighton, 02134
Deep Ellum, 477 Cambridge St, Boston, MA, Allston/Brighton, 02134
FoMu, 481 Cambridge St, Boston, MA, Allston/Brighton, 02134
Punjab Palace, 109 Brighton Ave, Boston, MA, Allston/Brighton, 02134
Carlo's Cucina Italiana, 131 Brighton Ave, Boston, MA, Allston/Brighton, 02134
Fish Market Sushi Bar, 170 Brighton Ave, Boston, MA, Allston/Brighton, 02134
Bazaar On Cambridge, 424 Cambridge St, Boston, MA, Allston/Brighton, 02134
YoMa, 5 North Beacon St, Boston, MA, Allston/Brighton, 02134
Sunset Grill and Tap, 130 Brighton Ave, Boston, MA, Allston/Brighton, 02134
Le's Restaurant, 137 Brighton Ave, Boston, MA, Allston/Brighton, 02134
Pho Viet, 1095 Commonwealth Ave, Boston, MA, Allston/Brighton, 02134
Body Mechanics, 387 Cambridge St, Boston, MA, Allston/Brighton, 02134
The Breakfast Club, 270 Western Ave, Boston, MA, Allston/Brighton, 02134
Kaju Tofu House, 514 Cambridge St, Boston, MA, Allston/Brighton, 02134
Infusions Tea Spa, 110 Brighton Ave, Boston, MA, Allston/Brighton, 02134
Soul Fire BBQ, 182 Harvard Ave, Boston, MA, Allston/Brighton, 02134
Alfredo's, 229 Brighton Ave, Boston, MA, Allston/Brighton, 02228
Yi Soon Bakery, 112 Brighton Ave, Boston, MA, Allston/Brighton, 02134
Great Scott, 1222 Commonwealth Ave, Boston, MA, Allston/Brighton, 02134
Bon Chon, 123 Brighton Ave, Boston, MA, Allston/Brighton, 02134
Lone Star Taco Bar, 477 Cambridge St, Boston, MA, Allston/Brighton, 02134
Jo Jo Taipei, 103 Brighton Ave, Boston, MA, Allston/Brighton, 02134
Twin DO-Nuts, 501 Cambridge St, Boston, MA, Allston/Brighton, 02134
Azama Grill, 54 Harvard Ave, Boston, MA, Allston/Brighton, 02134
In House Café, 194 Harvard Ave, Boston, MA, Allston/Brighton, 02134
Shanghai Gate, 204 Harvard Ave, Boston, MA, Allston/Brighton, 02134
Super 88, 1095 Commonwealth Ave, Boston, MA, Allston/Brighton, 02215
Silhouette Lounge, 200 Brighton Ave, Boston, MA, Allston/Brighton, 02134
The Back Bay Fens, Park Dr at Jersey St, Boston, MA, Fenway, 02215
Jillian's and Lucky Strike, 145 Ipswich St, Boston, MA, Fenway, 02115
David Dorothy Ramler Park, 120 Peterborough St, Boston, MA, Fenway, 02215
Fenway Park, 4 Yawkey Way, Boston, MA, Fenway, 02115
Church, 69 Kilmarnock St, Boston, MA, Fenway, 02215
Museum of Fine Arts, 465 Huntington Ave, Boston, MA, Fenway, 02115
Hidyan Cafe, 80 Kilmarnock St, Boston, MA, Fenway, 02215
Mixx Frozen Yogurt, 1258 Boylston St, Boston, MA, Fenway, 02215
Neighborhoods Coffee and Crepes, 96 Peterborough St, Boston, MA, Fenway, 02215
Lollicup, 1095 Commonwealth Ave, Boston, MA, Fenway, 02215
BerryLine, 1377 Boylston St, Boston, MA, Fenway, 02215
Boston Beer Works, 61 Brookline Ave, Boston, MA, Fenway, 02215
Bradley Liquors, 1252 Boylston St, Boston, MA, Fenway, 02215
Fenway Cafe, 61 Brookline Ave, Boston, MA, Fenway, 02215
Jersey Street Liquors, 48 Queensberry St, Boston, MA, Fenway, 02215
El Pelón Taquería, 92 Peterborough St, Boston, MA, Fenway, 02215
Tasty Burger, 1301-05 Boylston St, Boston, MA, Fenway, 02215
Sweet Cheeks, 1381 Boylston St, Boston, MA, Fenway, 02215
Citizen Public House & Oyster Bar, 1310 Boylston St, Boston, MA, Fenway, 02215
Yard House, 126 Brookline Ave, Boston, MA, Fenway, 02215
Trattoria Toscana, 130 Jersey St, Boston, MA, Fenway, 02215
Public Garden, Boylston & Arlington, Boston, MA, Back Bay, 02116
Winston Flowers, 131 Newbury St, Boston, MA, Back Bay, 02116
Pawsh Dog Boutique & Salon, 31 Gloucester St, Boston, MA, Back Bay, 02115
Atlantic Fish Company, 761 Boylston St, Boston, MA, Back Bay, 02116
Boston Public Library, 700 Boylston St, Boston, MA, Back Bay, 02116
The Capital Grille, 900 Boylston St, Boston, MA, Back Bay, 02115
Boston Duck Tours, 4 Copley Pl, Boston, MA, Back Bay, 02116
Lenox Hotel, 61 Exeter, Boston, MA, Back Bay, 02116
L'Espalier, 774 Boylston St, Boston, MA, Back Bay, 02199
Life in Synergy Studios, 867 Boylston St, Boston, MA, Back Bay, 02116
Stilisti, 138 Newbury St, Boston, MA, Back Bay, 02116
Giacomo's, 431 Columbus Ave, Boston, MA, Back Bay, 02116
Deuxave, 371 Commonwealth Ave, Boston, MA, Back Bay, 02115
Via Matta, 79 Park Plz, Boston, MA, Back Bay, 02116
Mistral Restaurant, 223 Columbus Ave, Boston, MA, Back Bay, 02116
Back Bay Yoga, 365 Boylston St, Boston, MA, Back Bay, 02116
Copley Square Farmers Market, Copley Square, Boston, MA, Back Bay, 02116
Corner Tavern, 421 Marlborough St, Boston, MA, Back Bay, 02115
South End Formaggio, 268 Shawmut Ave, Boston, MA, South End, 02118
Flour Bakery + Cafe, 1595 Washington St, Boston, MA, South End, 02118
Blunch, 59 E Springfield St, Boston, MA, South End, 02118
Toro, 1704 Washington St, Boston, MA, South End, 02118
étant, 524 Tremont St, Boston, MA, South End, 02116
Polka Dog Bakery, 256 Shawmut Ave, Boston, MA, South End, 02118
Picco, 513 Tremont St, Boston, MA, South End, 02116 
Hamersley's Bistro, 553 Tremont St, Boston, MA, South End, 02116
Bobby from Boston, 19 Thayer St, Boston, MA, South End, 02118
Orinoco, 477 Shawmut Ave, Boston, MA, South End, 02118
Franklin Cafe, 278 Shawmut Ave, Boston, MA, South End, 02118
Gaslight Brasserie, 560 Harrison Ave, Boston, MA, South End, 02228
Myers + Chang, 1145 Washington St, Boston, MA, South End, 02118
Morse Fish Co, 1401 Washington St, Boston, MA, South End, 02118
Animal Rescue League of Boston, 10 Chandler St, Boston, MA, South End, 02116
Mike's City Diner, 1714 Washington St, Boston, MA, South End, 02118
Delux Cafe, 100 Chandler St, Boston, MA, South End, 02116
Coppa, 253 Shawmut Ave, Boston, MA, South End, 02118
Oishii Boston, 1166 Washington St, Boston, MA, South End, 02118
The Gallows, 1395 Washington St, Boston, MA, South End, 02118
SoWa Open Market, 460 Harrison Ave, Boston, MA, South End, 02118
Metropolis Cafe, 584 Tremont St, Boston, MA, South End, 02118
ChocoLee Chocolates, 23 Dartmouth St, Boston, MA, South End, 02116
Masa, 439 Tremont St, Boston, MA, South End, 02116
Mela, 578 Tremont St, Boston, MA, South End, 02118
Peter's Park Dog Run, 1277 Washington St, Boston, MA, South End, 02118
Aquitaine, 569 Tremont St, Boston, MA, South End, 02118
J J Foley's Cafe, 117 E Berkely St, Boston, MA, South End, 02118
the five Seventy market, 570 Tremont St, Boston, MA, South End, 02118
South End Buttery, 314 Shawmut Ave, Boston, MA, South End, 02118
Recycle Studio, 643A Tremont St, Boston, MA, South End, 02118
Charles River Bike Paths, Storrow and Memorial Drive, Boston, MA, Beacon Hill, 02228
Grotto, 37 Bowdoin St, Boston, MA, Beacon Hill, 02114
Charles Street Liquors, 143 Charles St, Boston, MA, Beacon Hill, 02114
Figs, 42 Charles St, Boston, MA, Beacon Hill, 02114
The Paramount, 44 Charles St, Boston, MA, Beacon Hill, 02114
Black Ink, 101 Charles St, Boston, MA, Beacon Hill, 02114
21st Amendment, 150 Bowdoin Square, Boston, MA, Beacon Hill, 02108
75 Chestnut, 75 Chestnut St, Boston, MA, Beacon Hill, 02108
Toscano Restaurant, 47 Charles St, Boston, MA, Beacon Hill, 02114
Scollay Square, 21 Beacon St, Boston, MA, Beacon Hill, 02108
Community Boating Inc, 21 David G Mugar Way, Boston, MA, Beacon Hill, 02114
Savenor's Market, 160 Charles St, Boston, MA, Beacon Hill, 02114
Beacon Hill Chocolates, 91 Charles St, Boston, MA, Beacon Hill, 02114
Hatch Shell, 1 David G Mugar Way, Boston, MA, Beacon Hill, 02114
Massachusetts State House, 24 Beacon St, Boston, MA, Beacon Hill, 02133
O Ya, 9 East St, Boston, MA, Leather District, 02111
Les Zygomates, 129 South St, Boston, MA, Leather District, 02111
Happy Feet Spa, 150 Lincoln St, Boston, MA, Leather District, 02111
Hei La Moon, 88 Beach St, Boston, MA, Leather District, 02111
South Street Diner, 178 Kneeland St, Boston, MA, Leather District, 02111
Sorriso Trattoria, 107 South St, Boston, MA, Leather District, 02111
Sargarino's, 106 South St, Boston, MA, Leather District, 02111
C Mart 2 Supermarket, 109 Lincoln St, Boston, MA, Leather District, 02111
The Corner Pub, 162 Lincoln St, Boston, MA, Leather District, 02111
Workbar, 711 Atlantic Ave, Boston, MA, Leather District, 02111
District, 180 Lincoln St, Boston, MA, Leather District, 02111
Beyond Beaute, 200 Lincoln Street, Boston, MA, Leather District, 02111
State, 89 South St, Boston, MA, Leather District, 02111
Academy of Realist Art, 112 South St, Boston, MA, Leather District, 02111
Chiu Mo Kwoon Martial Arts, 164 Lincoln St, Boston, MA, Leather District, 02111
Shabu-Zen, 16 Tyler St, Boston, MA, Chinatown, 02111
Eldo Cake House, 36 Harrison Ave, Boston, MA, Chinatown, 02111
Xinh Xinh, 7 Beach St, Boston, MA, Chinatown, 02111
Taiwan Cafe, 34 Oxford St, Boston, MA, Chinatown, 02111
Freedom Trail Foundation Tours, 99 Chauncy St, Boston, MA, Chinatown, 02111
Coco Head Hair Studio, 9 Knapp St, Boston, MA, Chinatown, 02111
Shojo, 9A Tyler St, Boston, MA, Chinatown, 02111
King Fung Garden, 74 Kneeland St, Boston, MA, Chinatown, 02111
New Saigon Sandwich, 696 Washington St, Boston, MA, Chinatown, 02111
Hong Kong Eatery, 79 Harrison Ave, Boston, MA, Chinatown, 02111
Irashai Sushi and Teriyaki, 8 Kneeland St, Boston, MA, Chinatown, 02111
Egg Puffs, 42 Beach St, Boston, MA, Chinatown, 02111
New Dong Khanh, 81 Harrison AVe, Boston, MA, Chinatown, 02111
Mei Sum, 36 Beach St, Boston, MA, Chinatown, 02111
New Jumbo Seafood Restaurant, 5-9 Hudson St, Boston, MA, Chinatown, 02111
Penang, 685 Washington St, Boston, MA, Chinatown, 02111
163 Vietnamese Sandwiches & Bubble Tea, 66 Harrison Ave, Boston, MA, Chinatown, 02111
Pho Pasteur, 682 Washington St, Boston, MA, Chinatown, 02111
Peach Farm, 4 Tyler St, Boston, MA, Chinatown, 02111
The Juice Bar, 40-44 Harrison Ave, Boston, MA, Chinatown, 02111
Wai Wai Restaurant, 26 Oxford St, Boston, MA, Chinatown, 02111
Harvard Book Store, 1256 Massachusetts Ave, Cambridge, MA, Harvard Square, 02138
LA Burdick Chocolate, 52 Brattle St, Cambridge, MA, Harvard Square, 02138
BerryLine, 3 Arrow St, Cambridge, MA, Harvard Square, 02138
The Comedy Studio, 1238 Massachusetts Ave, Cambridge, MA, Harvard Square, 02138
Veggie Planet, 47 Palmer St, Cambridge, MA, Harvard Square, 02138
Crema Cafe, 27 Brattle St, Cambridge, MA, Harvard Square, 02138
Raven Used Books, 52 JFK St, Cambridge, MA, Harvard Square, 02138
Russell House Tavern, 14 JFK ST, Cambridge, MA, Harvard Square, 02138
Charles Hotel, 1 Bennett St, Cambridge, MA, Harvard Square, 02138
Otto, 1432 Massachusetts Ave, Cambridge, MA, Harvard Square, 02138
Follow The Honey, 1132 Massachusetts Ave, Cambridge, MA, Harvard Square, 02138
Schoenhof's Foreign Books, 76 Mt Auburn St, Cambridge, MA, Harvard Square, 02138
Harvard Museum of Natural History, 26 Oxford St, Cambridge, MA, Harvard Square, 02138
JP Licks, 1312 Massachusetts Ave, Cambridge, MA, Harvard Square, 02138
Clover Food Lab, 1208 Massachusetts Ave, Cambridge, MA, Harvard Square, 02138
Chameleon Tattoo and Body Peircing, 36 JFK St, Cambridge, MA, Harvard Square, 02138
Henrietta's Table, 1 Bennett St, Cambridge, MA, Harvard Square, 02138
The Million Year Picnic, 99 Mount Auburn St, Cambridge, MA, Harvard Square, 02138
Cardullo's Gourmet Shoppe, 6 Brattle St, Cambridge, MA, Harvard Square, 02138
Boston Tea Shop, 54 JFK St, Cambridge, MA, Harvard Square, 02138
Black Ink, 5 Brattle St, Cambridge, MA, Harvard Square, 02138
Cambridge 1, 27 Church St, Cambridge, MA, Harvard Square, 02138
Skenderian Apothecary, 1613 Cambridge St, Cambridge, MA, Harvard Square, 02138
Forty Winks, 56 JFK St, Cambridge, MA, Harvard Square, 02138
Hungry Mother, 233 Cardinal Medeiros Ave, Cambridge, MA, Kendall Square, 02141
Cambridge Center Roof Garden, 4 Cambridge Center, Cambridge, MA, Kendall Square, 02142
Salts Restaurant, 798 Main St, Cambridge, MA, Kendall Square, 02139
MIT Press Bookstore, 292 Main St, Cambridge, MA, Kendall Square, 02142
Cuchi Cuchi, 795 Main St, Cambridge, MA, Kendall Square, 02139
Flour, 190 Massachusetts Ave, Cambridge, MA, Kendall Square, 02141
Kendall Square Cinema, 1 Kendall Square, Cambridge, MA, Kendall Square, 02139
The Helmland, 143 1st St, Cambridge, MA, Kendall Square, 02142
Voltage Coffe and Art, 295 3rd St, Cambridge, MA, Kendall Square, 02142
Emma's Pizza, 40 Hampshire St, Cambridge, MA, Kendall Square, 02139
Central Bottle Wine and Provisions, 196 Massachusetts Ave, Cambridge, MA, Kendall Square, 02139
The Similans, 141 1st St, Cambridge, MA, Kendall Square, 02142
West Bridge, 1 Kendall Sq, Cambridge, MA, Kendall Square, 02141
Area Four, 500 Technology Square, Cambridge, MA, Kendall Square, 02139
Charles River Canoe and Kayak, 500 Broad Canal St, Cambridge, MA, Kendall Square, 02142
Aceituna Cafe, 605 W Kendall St, Cambridge, MA, Kendall Square, 02142
Cambridge Brewing Company, 1 Kendall Sq, Cambridge, MA, Kendall Square, 02139
MuLan, 228 Broadway, Cambridge, MA, Kendall Square, 02139
MIT Museum, 265 Massachusetts Ave, Cambridge, MA, Kendall Square, 02139
The Garment District, 200 Broadway, Cambridge, MA, Kendall Square, 02139
Tatte Fine Cookies and Cakes, 218 3rd St, Cambridge, MA, Kendall Square, 02142
The Muddy Charles Pub at MIT, 142 Memorial Dr, Cambridge, MA, Kendall Square, 02139
Samuel Adams Brewery, 30 Germania St, Boston, MA, JP, 02130
Salmagundi, 365 Centre St, Boston, MA, JP, 02130
Ten Tables, 597 Centre St, Boston, MA, JP, 02130
Fat Ram's Pumpkin Tattoo, 347 Centre St, Boston, MA, JP, 02130
Canto 6, 3346 Washington St, Boston, MA, JP, 02130
Jamaica Pond, 507 Jamaicaway, Boston, MA, JP, 02130
The Haven, 2 Perkins St, Boston, MA, JP, 02130
Brendan Behan Pub, 378 Centre St, Boston, MA, JP, 02130
Tres Gatos, 470 Centre St, Boston, MA, JP, 02130
Ula Cafe, 284 Armory St, Boston, MA, JP, 02130
JP Licks, 659 Centre St, Boston, MA, JP, 02130
El Oriental De Cuba, 416 Centre St, Boston, MA, JP, 02130
The Video Underground, 385 Centre St, Boston, MA, JP, 02130
40 South St, 40 South St, Boston, MA, JP, 02130
Green Street Massage, 183 Green St, Boston, MA, JP, 02130
Boomerangs, 716 Centre St, Boston, MA, JP, 02130
Fiore's Bakery, 55 South St, Boston, MA, JP, 02130
JP Seafood Cafe, 730 Centre St, Boston, MA, JP, 02130
Vee Vee, 763 Centre St, Boston, MA, JP, 02130
James's Gate, 5 McBride St, Boston, MA, JP, 02130
The Dogwood Cafe, 3712 Washington St, Boston, MA, JP, 02130
Blue Nile Restaurant, 389 Centre St, Boston, MA, JP, 02130
Cafe Society, 606 Centre St, Boston, MA, JP, 02130
Ghazal Indian Cuisine, 711 Centre St, Boston, MA, JP, 02130
Fazenda Coffee Roasters Cafe, 3710 Washington St, Boston, MA, JP, 02130
City Feed and Supply, 66 Boylston St, Boston, MA, JP, 02130
Alex's Chimis, 358 Centre St, Boston, MA, JP, 02130
The Real Deal, 736 Centre St, Boston, MA, JP, 02130
Galway House, 710 Centre St, Boston, MA, JP, 02130
Monumental Cupcakes, 36 S St, Boston, MA, JP, 02130
Blue Frog Bakery, 3 Green St, Boston, MA, JP, 02130
Cafe Beirut, 654 Centre St, Boston, MA, JP, 02130
Sorella's, 388 Centre St, Boston, MA, JP, 02130
FoMu, 617 Centre St, Boston, MA, JP, 02130
Revolution Bike Repair, 383 Centre St, Boston, MA, JP, 02130
Mission Control, 337 Summer St, Boston, MA, Waterfront, 02210
Harpoon Brewery, 306 Northern Ave, Boston, MA, Waterfront, 02210
Flour Bakery + Cafe, 12 Farnsworth St, Boston, MA, Waterfront, 02210
Drink, 348 Congress St, Boston, MA, Waterfront, 02220
James Hook Lobsters, 440 Atlantic Ave, Boston, MA, Waterfront, 02211
Menton, 354 Congress St, Boston, MA, Waterfront, 02210
Sportello, 348 Congress St, Boston, MA, Waterfront, 02210
Yankee Lobster Fish Market, 300 Northern Ave, Boston, MA, Waterfront, 02210
Al's South Street Cafe, 179 Essex St, Boston, MA, Waterfront, 02211
Boston Children's Museum, 308 Congress St, Boston, MA, Waterfront, 02210
Lucky's Lounge, 355 Congress St, Boston, MA, Waterfront, 02210
Les Zygomates, 129 South St, Boston, MA, Waterfront, 02210
Sam's, 60 Northern Ave, Boston, MA, Waterfront, 02210
Happy Feet Spa, 150 Lincoln St, Boston, MA, Waterfront, 02211
Institute of Contemporary Art, 100 Northern Ave, Boston, MA, Waterfront, 02210
New England Aquarium, 1 Central Wharf, Boston, MA, Waterfront, 02210
Barrington Coffee Roasting Company, 346 Congress St, Boston, MA, Waterfront, 02210
Papagayo, 283 Summer St, Boston, MA, Waterfront, 02210
Meritage, 70 Rowes Wharf, Boston, MA, Waterfront, 02210
Blue Dragon, 324 A St, Boston, MA, Waterfront, 02210
